<?xml version="1.0" encoding="ISO-8859-15"?>
<uc-export clientvers="11.2.0-dev+main.build.2327">
<DOCU name="PCK.TK_XENSERVER.PUB.DOC">
<HEADER state="1">
<Title>Pack Documentation</Title>
<ArchiveKey1/>
<ArchiveKey2/>
<OH_SubType/>
</HEADER>
<DOCU_Docu state="1" type="text">
<DOC><![CDATA[Release Notes

1.1.0	July 2016	Updated actions to confirm to Package Manager format and naming conventions.
			Provided Map VARA object for use with ARA dynamic property mapping.
			Moved example workflows from templates folder to resources.
			Get Parameter Value action can now return a list of all parameters for an object
			Get Parameter Value action bug removed
			The following actions removed as they are superceded by Get Parameter Value:
				List Host Attributes
				List Network Bonds
			Additional promptset tooltips provided.
			Required login type changed from "XEN" to "XENSERVER"

1.0	December 2015	Initial Release

Configuration
-------------
Ensure that the XenServer utility 'xe' is installed - either in the agent's bin directory, or preferably defined in the PATH environment variable
]]></DOC>
</DOCU_Docu>
</DOCU>
</uc-export>